Full Name,Subject,Company,Address,City,Unnamed: 5,Lead Status,Lead Identification Date,Email,LinkedIn,0C: Connect/Converse on LinkedIn,Lead Owner: Full Name,Reachout,Unnamed: 13,Unnamed: 14
Mark Koivuniemi,,Enlitic,"San Francisco, California United States",San Francisco,United States,Sales Qualified Lead,2022-01-18,mkoivuniemi@enlitic.com,,https://www.linkedin.com/in/markkoivuniemi,Devendra Kumar Meena,yes,,
Shafaq Presswala,,Matician Inc.,"San Francisco, CA United States",San Francisco,United States,Sales Qualified Lead,2022-01-31,shaf@matician.com,,https://www.linkedin.com/in/shafaq-presswala-0325861,Devendra Kumar Meena,yes,,
Dylan Fox,,AssemblyAI,"San Francisco, Argentina",San Francisco,Argentina,Sales Qualified Lead,2021-01-18,dylan@assemblyai.com,,https://www.linkedin.com/in/dylanbfox,Devendra Kumar Meena,yes,,
Guru Rao,,AssemblyAI,"San Francisco, Argentina",San Francisco,Argentina,Sales Qualified Lead,2021-01-18,guru@assemblyai.com,,https://www.linkedin.com/in/gururao1,Devendra Kumar Meena,yes,,
Chetan Sukthanker,Follow up,Plastiq,"San Francisco, California United States",San Francisco,United States,New Leads,2021-05-05,chetan@plastiq.com,,https://www.linkedin.com/in/csukthanker,Priya Parikh,,,
Karthik Kumar,,Prealize Health,"San Francisco, California United States",San Francisco,United States,New Leads,2021-07-06,kkumar@cardinalanalytx.com,,https://www.linkedin.com/in/ACwAAAHGZYwBTy_35QTxwwkGQ4CKnQxyosUCqog/,Priya Parikh,,,
Ky Kiefer,,Ellipsis Health,"San Francisco, California United States",San Francisco,United States,New Leads,2021-07-06,ky@ellipsishealth.com,,https://www.linkedin.com/in/kykiefer?miniProfileUrn=urn%3Ali%3Afs_miniProfile%3AACoAABKCPRgBs04DPYv0dMFegR4YnVPjLGzByZE,Priya Parikh,,,
João Pinheiro,,Adobe,"San Francisco, California United States",San Francisco,United States,New Leads,2021-05-18,jpinheiro@adobe.com,,https://www.linkedin.com/in/jvpinheiro,Priya Parikh,,,
Ali Moosvi,,Oracle,"San Francisco, California United States",San Francisco,United States,New Leads,2021-05-18,ali.moosvi@oracle.com,,https://www.linkedin.com/in/amoosvi,Priya Parikh,,,
Kris Zhou,,Autodesk,"San Francisco, California United States",San Francisco,United States,New Leads,2021-05-18,kris.zhou@autodesk.com,,https://www.linkedin.com/in/kriszhou,Priya Parikh,,,
Kanan Garg,,Salesforce,"San Francisco, California United States",San Francisco,United States,New Leads,2021-05-18,kgarg@salesforce.com,,https://www.linkedin.com/in/gargkanan,Priya Parikh,,,
Anand Arivukkarasu,,Artploration,"San Francisco, California United States",San Francisco,United States,New Leads,2021-05-18,ananda@artploration.com,,https://www.linkedin.com/in/anandarivu,Priya Parikh,,,
Joseph Holguin,,JustAnswer,"San Francisco, California United States",San Francisco,United States,New Leads,2021-05-18,joseph.holguin@justanswer.com,,https://www.linkedin.com/in/josephholguin,Priya Parikh,,,
Venus Garg,,Salesforce,"San Francisco, California United States",San Francisco,United States,New Leads,2021-05-18,venus.garg@salesforce.com,,https://www.linkedin.com/in/venusgarg,Priya Parikh,,,
Deven Desai,,Atlas AI,"San Francisco, California United States",San Francisco,United States,New Leads,2021-05-18,deven@atlasai.us,,https://www.linkedin.com/in/devenrl,Priya Parikh,,,
Paolo Perazzo,,Kyber,"San Francisco, California United States",San Francisco,United States,New Leads,2021-05-18,paolo@kyber.me,,https://www.linkedin.com/in/paoloperazzo,Priya Parikh,,,
Srikant Subramaniam,,Oracle,"San Francisco, California United States",San Francisco,United States,New Leads,2021-05-18,srikant.subramaniam@oracle.com,,https://www.linkedin.com/in/srikant,Priya Parikh,,,
Machu Latorre,,Una + One Films,"San Francisco, California United States",San Francisco,United States,New Leads,2021-05-18,machu@sansebastianfestival.com,,https://www.linkedin.com/in/ACwAAADclYABFHq1SDbP3FhHX_ITmb_Ib18FZ1A/,Priya Parikh,,,
Lauren Nham,,Finclusive Ventures,"San Francisco, California United States",San Francisco,United States,New Leads,2021-05-18,lauren@finclusive.vc,,https://www.linkedin.com/in/laurennham,Priya Parikh,,,
Rohit Kapoor,,Salesforce,"San Francisco, California United States",San Francisco,United States,New Leads,2021-05-18,rohit.kapoor@salesforce.com,,https://www.linkedin.com/in/ACwAAAE3QGkBKwsW4jBAotJlbmfwx9sB_ejlZWc/,Priya Parikh,,,
Sacha Arnoud,,Lyft,"185 Berry Street San Francisco CA 94107 United States, San Francisco, CA US",San Francisco,US,Marketing Qualified Lead,2020-08-26,sarnoud@lyft.com,,https://www.linkedin.com/in/ACwAAAACp9UBAKfQfk_vGgrp3UbvTCxaRphpBbk/,Priya Parikh,,,
Audra Koklys Plummer,,Wells Fargo,"420 Montgomery St San Francisco CA 94103 United States, San Francisco, CA US",San Francisco,US,Marketing Qualified Lead,2020-08-26,audra.plummer@wellsfargo.com,,https://www.linkedin.com/in/audrakoklysplummer,Priya Parikh,,,
Amy Truong,,Patreon,"230 9th St San Francisco CA United States, San Francisco, CA US",San Francisco,US,Marketing Qualified Lead,2020-08-26,amy@patreon.com,,https://www.linkedin.com/in/ACwAAADUjikBdc79ef070n2Cqn5j3bU-ROv9qlI/,Priya Parikh,,,
Ding Zhou,,Pinterest,"San Francisco United States, San Francisco, US",San Francisco,US,Marketing Qualified Lead,2020-08-26,dingzhou@pinterest.com,,https://www.linkedin.com/in/dingzhou,Priya Parikh,,,
Dennis Yang,,Chime,San Francisco,San Francisco,,New Leads,2021-02-26,dennis@chime.com,,https://www.linkedin.com/in/dennisyang,Priya Parikh,,,
Anthony Borelli,,Sutherland Labs,San Francisco,San Francisco,,New Leads,2021-02-26,anthony@sutherlandlabs.com,,https://www.linkedin.com/in/anthony-borelli-973b9559,Priya Parikh,,,
Lindsay Richman,,Best Buy,San Francisco,San Francisco,,New Leads,2021-02-26,lindsay.richman@bestbuy.com,,https://www.linkedin.com/in/lindsayrichman,Priya Parikh,,,
Vinod Valloppillil,,Google,San Francisco,San Francisco,,New Leads,2021-02-26,vvalloppillil@google.com,,https://www.linkedin.com/in/vinodvalloppillil,Priya Parikh,,,
Sormeh Kashef,,Accenture,San Francisco,San Francisco,,New Leads,2021-02-26,sormeh.kashef@accenture.com,,https://www.linkedin.com/in/sormeh,Priya Parikh,,,
Sricharan Kasetti,,Amplify.ai,San Francisco,San Francisco,,New Leads,2021-02-26,sri@amplify.ai,,https://www.linkedin.com/in/srikasetti,Priya Parikh,,,
Jason Turpin,,Observe.AI,San Francisco,San Francisco,,New Leads,2021-02-26,jason@observe.ai,,https://www.linkedin.com/in/jason-turpin-22672b1,Priya Parikh,,,
Joseph Freed,,Cultivate,San Francisco,San Francisco,,New Leads,2021-02-26,joe@cultivateai.com,,https://www.linkedin.com/in/joefreed,Priya Parikh,,,
Gregg Mojica,,Alloy Automation,San Francisco,San Francisco,,New Leads,2021-02-26,gregg@runalloy.com,,https://www.linkedin.com/in/greggmojica,Priya Parikh,,,
Johel Davila,,Panoply,San Francisco,San Francisco,,New Leads,2021-02-26,johel@panoply.io,,https://www.linkedin.com/in/ACwAAAElAdIBCx4wB3aRuWS1LZFDdorStUKTNG4/,Priya Parikh,,,
Amin Vakhshouri,,Curology,"San Francisco, California United States",San Francisco,United States,New Leads,2021-09-07,,,https://www.linkedin.com/in/vakhshouri,Priya Parikh,,,
Abdullah Siddique,,Tempo,"San Francisco, California United States",San Francisco,United States,New Leads,2021-09-07,abdullah@tempo.fit,,https://www.linkedin.com/in/s-abdullah,Priya Parikh,,,
Nripesh Parajuli,,Caption Health,"San Francisco, California United States",San Francisco,United States,New Leads,2021-09-07,nripesh@baylabs.io,,https://www.linkedin.com/in/ACwAAAUvHOYBJJwxGx7RCLI07uOJMlhjxIlAl6o/,Priya Parikh,,,
Sameer Soi,,Zymergen,"San Francisco, California United States",San Francisco,United States,New Leads,2021-09-07,ssoi@zymergen.com,,https://www.linkedin.com/in/sameersoi?miniProfileUrn=urn%3Ali%3Afs_miniProfile%3AACoAABfNL-YB4uy877TTk1XH9jH54_6OytaCtps,Priya Parikh,,,
Ravi Patel,,Kheiron Medical,"San Francisco, California United States",San Francisco,United States,New Leads,2021-08-31,ravi@kheironmed.com,,https://www.linkedin.com/in/rapatel0,Priya Parikh,,,
Harveen Sethi,,iRhythm,"San Francisco, California United States",San Francisco,United States,New Leads,2021-06-21,hsethi@irhythmtech.com,,https://www.linkedin.com/in/harveensethi,Priya Parikh,,,
Swapnil A,,JustAnswer,"San Francisco, California United States",San Francisco,United States,New Leads,2021-08-31,,,"https://www.linkedin.com/sales/people/ACwAAACOi8QB5VbZmjwPSFnTwMysukKoI5n8-eQ,NAME_SEARCH",Priya Parikh,,,
Jenna Klockenbrink,,Sirona Medical,"San Francisco, California United States",San Francisco,United States,New Leads,2021-06-21,jenna@sironamedical.com,,https://www.linkedin.com/in/jennaklockenbrink,Priya Parikh,,,
Al Cook,,Twilio,"San Francisco, California United States",San Francisco,United States,New Leads,2021-07-07,acook@twilio.com,,https://www.linkedin.com/in/mralcook,Priya Parikh,,,
Timothé Adeline,,Uber,"San Francisco, California United States",San Francisco,United States,New Leads,2021-07-07,timothe.adeline@uber.com,,https://www.linkedin.com/in/timotheadeline,Priya Parikh,,,
Mark Graves,,Fuller Theological Seminary,"San Francisco, California United States",San Francisco,United States,New Leads,2021-07-07,markgraves@fuller.edu,,https://www.linkedin.com/in/graves-mark,Priya Parikh,,,
Ujjwal S,,Capgemini,"San Francisco, California United States",San Francisco,United States,New Leads,2021-07-07,us@capgemini.com,,https://www.linkedin.com/in/ujjwal-s-16641164?miniProfileUrn=urn%3Ali%3Afs_miniProfile%3AACoAAA2WSJ4BOauffM7i0r-s-pt_t57QyUVj9Ns,Priya Parikh,,,
João Fiadeiro,,Netflix,San Francisco,San Francisco,,New Leads,2021-05-04,jfiadeiro@netflix.com,,https://www.linkedin.com/in/jfiadeiro,Priya Parikh,,,
Praful Krishna,,Ethos Life,San Francisco,San Francisco,,New Leads,2021-05-04,praful.krishna@getethos.com,,https://www.linkedin.com/in/prafulkrishna,Priya Parikh,,,
Kartik Sundar,,"Tableau Software, a Salesforce Company",San Francisco,San Francisco,,New Leads,2021-05-04,sk@tableau.com,,https://www.linkedin.com/in/sundarkartik,Priya Parikh,,,
Lisa Colvin,,Pandora,San Francisco,San Francisco,,New Leads,2021-05-04,lcolvin@pandora.com,,https://www.linkedin.com/in/lisacolvin,Priya Parikh,,,
Matthew Aehle,,Verily Life Sciences,"San Francisco, California United States",San Francisco,United States,New Leads,2021-06-15,maehle@verily.com,,https://www.linkedin.com/in/matthewaehle,Priya Parikh,,,
Claire Paxton,,Verana Health,"San Francisco, California United States",San Francisco,United States,New Leads,2021-06-24,claire.paxton@veranahealth.com,,https://www.linkedin.com/in/clairepaxton,Priya Parikh,,,
Conrad Wai,,Hinge Health,"San Francisco, California United States",San Francisco,United States,New Leads,2021-06-24,conrad.wai@hingehealth.com,,https://www.linkedin.com/in/conradwai,Priya Parikh,,,
Arsham Hatambeiki,,Firedome,"San Francisco, California United States",San Francisco,United States,New Leads,2021-06-24,,,https://www.linkedin.com/in/arsham,Priya Parikh,,,
Dylan Scandinaro,,Unity Technologies,"San Francisco, California United States",San Francisco,United States,New Leads,2021-06-24,dylan.scandinaro@unity3d.com,,https://www.linkedin.com/in/dylanscandinaro,Priya Parikh,,,
Christian Marek,,DocuSign,"San Francisco, California United States",San Francisco,United States,New Leads,2021-06-24,christian.marek@docusign.com,,https://www.linkedin.com/in/christianmarek,Priya Parikh,,,
Adam Sinensky,,Innovaccer,"San Francisco, California United States",San Francisco,United States,New Leads,2021-06-15,adam.sinensky@innovaccer.com,,https://www.linkedin.com/in/adam-sinensky-70b0432,Priya Parikh,,,
Hocine Lourdani,,RapidAI,"San Francisco, California United States",San Francisco,United States,New Leads,2021-06-15,hocine.lourdani@arterys.com,,https://www.linkedin.com/in/hlourdani,Priya Parikh,,,
Dhrumil Patel,,WhatsApp Inc.,"San Francisco, California United States",San Francisco,United States,New Leads,2021-06-15,dhrumil@whatsapp.com,,https://www.linkedin.com/in/dhrumilrp,Priya Parikh,,,
Alekhya Reddy,,Carta Healthcare Inc.,"San Francisco, California United States",San Francisco,United States,New Leads,2021-08-03,alekhya@carta.healthcare,,https://www.linkedin.com/in/alekhya-reddy-146003a2?miniProfileUrn=urn%3Ali%3Afs_miniProfile%3AACoAABW2tQYBFuU7sFuOuIZLWkVa8BSMM_arZ0s,Priya Parikh,,,
Conor Falvey,,Carta Healthcare,"San Francisco, California United States",San Francisco,United States,New Leads,2021-08-03,conor@carta.healthcare,,https://www.linkedin.com/in/conorfalvey,Priya Parikh,,,
Kristin Zubritzky,,Anthem,"San Francisco, California United States",San Francisco,United States,New Leads,2021-06-30,kristin.zubritzky@anthem.com,,https://www.linkedin.com/in/kzubritzky?miniProfileUrn=urn%3Ali%3Afs_miniProfile%3AACoAABLWpSABsLD1MRX0pWYgL5gj632ZcbDbpIc,Priya Parikh,,,
Todd Huffman,,Prellis Biologics,"San Francisco, California United States",San Francisco,United States,New Leads,2021-06-30,todd@prellisbio.com,,https://www.linkedin.com/in/oddmachine,Priya Parikh,,,
Andrew Chen,,Ancestry,"San Francisco, California United States",San Francisco,United States,New Leads,2021-05-11,achen@ancestry.com,,https://www.linkedin.com/in/andrew-a-chen,Priya Parikh,,,
Jessica Wong,,Appen,"San Francisco, California United States",San Francisco,United States,New Leads,2021-06-30,jwong@appen.com,,https://www.linkedin.com/in/jwong1994,Priya Parikh,,,
Peter Winarsky,,Vida Health,"San Francisco, California United States",San Francisco,United States,New Leads,2021-06-24,peter@vida.com,,https://www.linkedin.com/in/peter-winarsky-b0906b2,Priya Parikh,,,
Lowell Robinson,,KQED,"San Francisco, California United States",San Francisco,United States,New Leads,2021-06-24,,,https://www.linkedin.com/in/lowellrobinson,Priya Parikh,,,
Sumit Singh,,WePay,"San Francisco, California United States",San Francisco,United States,New Leads,2021-06-24,sumits@wepay.com,,https://www.linkedin.com/in/sumit-singh-3087774,Priya Parikh,,,
Marc Dupuis,,Clari,"San Francisco, California United States",San Francisco,United States,New Leads,2021-06-24,marc@clari.com,,https://www.linkedin.com/in/marcfdupuis,Priya Parikh,,,
Joshua Levin,,Primer.ai,"San Francisco, California United States",San Francisco,United States,New Leads,2021-06-24,jlevin@primer.ai,,https://www.linkedin.com/in/joshua-levin-0721164b,Priya Parikh,,,
Aritra B,,LinkedIn,"San Francisco, California United States",San Francisco,United States,New Leads,2021-06-30,ab@linkedin.com,,https://www.linkedin.com/in/aritrab,Priya Parikh,,,
Supriya Iyer,,Calix,"San Francisco, California United States",San Francisco,United States,New Leads,2021-06-24,supriya.iyer@calix.com,,https://www.linkedin.com/in/supriya-iyer-4171501,Priya Parikh,,,
Marc Robbins,,Zebra,"San Francisco, California United States",San Francisco,United States,New Leads,2021-06-07,,,https://www.linkedin.com/in/marc-robbins,Priya Parikh,,,
Nasir Bhanpuri,,Self-Employed,"San Francisco, California United States",San Francisco,United States,New Leads,2021-06-07,,,https://www.linkedin.com/in/nasirbhanpuri,Priya Parikh,,,
Javed S,,ForgeRock,"San Francisco, California United States",San Francisco,United States,New Leads,2021-05-05,javed.shah@forgerock.com,,https://www.linkedin.com/in/javedmaqboolshah,Priya Parikh,,,
Anna Brezhneva,,Verily Life Sciences,"South San Francisco, California United States",South San Francisco,United States,New Leads,2021-05-05,annabrezhneva@verily.com,,https://www.linkedin.com/in/ACwAAAvfyIcBBDEBr1JZiS8ipNoQjCcQZydJLWM/,Priya Parikh,,,
Michael Fives,,Komodo Health,"San Francisco, California United States",San Francisco,United States,New Leads,2021-05-05,michael.fives@komodohealth.com,,https://www.linkedin.com/in/michaelfives,Priya Parikh,,,
Felice Curcelli,,Wells Fargo,"San Francisco, California United States",San Francisco,United States,New Leads,2021-05-05,felice.curcelli@wellsfargo.com,,https://www.linkedin.com/in/felicecurcelli,Priya Parikh,,,
Richard Bumm,,Syapse,"San Francisco, California United States",San Francisco,United States,New Leads,2021-05-05,richard.bumm@syapse.com,,https://www.linkedin.com/in/richard-bumm,Priya Parikh,,,
Srinivas J,,Genentech,"South San Francisco, California United States",South San Francisco,United States,New Leads,2021-05-05,,,https://www.linkedin.com/in/srinivas-j-5a52595,Priya Parikh,,,
Marilyn T,,Text IQ,"San Francisco, California United States",San Francisco,United States,New Leads,2021-05-05,,,https://www.linkedin.com/in/marilyntsaih,Priya Parikh,,,
Shahyan Currimbhoy,,Talix,"San Francisco, California United States",San Francisco,United States,New Leads,2021-05-05,shahyan@talix.com,,https://www.linkedin.com/in/shahyan-currimbhoy-a4ab9a1,Priya Parikh,,,
Will Cheung,,Twilio Inc.,"San Francisco, California United States",San Francisco,United States,New Leads,2021-05-05,wcheung@twilio.com,,https://www.linkedin.com/in/willcheung,Priya Parikh,,,
Stevi Driver,,Primer.ai,"San Francisco, California United States",San Francisco,United States,New Leads,2021-05-05,stevi@primer.ai,,https://www.linkedin.com/in/stevihalley,Priya Parikh,,,
Madhu Shivashankaraiah,,Nvidia,"San Francisco, California United States",San Francisco,United States,New Leads,2021-05-11,,,https://www.linkedin.com/in/madhus911,Priya Parikh,,,
Abhyuday Chakravarthi,,Atlassian,"San Francisco, California United States",San Francisco,United States,New Leads,2021-05-11,achakravarthi@atlassian.com,,https://www.linkedin.com/in/abhyuday,Priya Parikh,,,
Diane Wu,,Google,"San Francisco, California United States",San Francisco,United States,New Leads,2021-05-11,dwu@google.com,,"https://www.linkedin.com/sales/people/ACwAAALKL_MBD7kTn9tiJRymGBCD6txJdMgi9Js,NAME_SEARCH",Priya Parikh,,,
Henry Humadi,,"The Data Institute, University of San Francisco","San Francisco, California United States",San Francisco,United States,New Leads,2021-05-11,hhumadi@usfca.edu,,https://www.linkedin.com/in/henryhumadi,Priya Parikh,,,
Nima Kaveh,,Salesforce,"San Francisco, California United States",San Francisco,United States,New Leads,2021-05-11,nkaveh@salesforce.com,,https://www.linkedin.com/in/nima-kaveh-8321901b,Priya Parikh,,,
Sabrina Atienza,,Pegasystems,"San Francisco, California United States",San Francisco,United States,New Leads,2021-05-11,,,https://www.linkedin.com/in/sabr1na,Priya Parikh,,,
Ravi Shankar,,Verisk,"San Francisco, California United States",San Francisco,United States,New Leads,2021-05-11,ravi.shankar@verisk.com,,https://www.linkedin.com/in/ravishankar001,Priya Parikh,,,
Heidi Culbertson,,Ancestry,"San Francisco, California United States",San Francisco,United States,New Leads,2021-05-26,amoghtaderi@ancestry.com,,https://www.linkedin.com/in/azadeh-moghtaderi-ab3b6125,Priya Parikh,,,
John Phua,,PulsePoint,"San Francisco, California United States",San Francisco,United States,New Leads,2021-05-26,dstephens@pulsepoint.com,,"https://www.linkedin.com/sales/people/ACwAAABnXnMBfglH0y4uMKLCJ8fNijGit5Z9cqE,NAME_SEARCH",Priya Parikh,,,
Jeronimo De Leon,,Aktana,"San Francisco, California United States",San Francisco,United States,New Leads,2021-05-26,derek.choy@aktana.com,,https://www.linkedin.com/in/derek-choy-5277573,Priya Parikh,,,
Timothy McGuinness,,Aviso AI,"San Francisco, California United States",San Francisco,United States,New Leads,2021-05-26,trevor@aviso.com,,https://www.linkedin.com/in/trevortemplar,Priya Parikh,,,
Nitin Mangal,,Talix,"San Francisco, California United States",San Francisco,United States,New Leads,2021-05-26,lawrence@talix.com,,https://www.linkedin.com/in/lawrence-chang-sf,Priya Parikh,,,
Stephen Akomolafe,,Coursera,"San Francisco, California United States",San Francisco,United States,New Leads,2021-05-26,xyu@coursera.org,,https://www.linkedin.com/in/xinyingyu,Priya Parikh,,,
Anil Ankisettipalli,,SAP,"San Francisco, California, United States","San Francisco, California, United States",,Marketing Qualified Lead,2020-07-30,,,,Priya Parikh,,,
Jim Cortez,,Roku,"San Francisco, California, United States","San Francisco, California, United States",,Marketing Qualified Lead,2020-07-30,,,,Priya Parikh,,,
Ian Murray,,Humin,"San Francisco, California, United States","San Francisco, California, United States",,Marketing Qualified Lead,2020-07-30,,,,Priya Parikh,,,
Kostas Vaggelakos,,Roku,"San Francisco, California, United States","San Francisco, California, United States",,Marketing Qualified Lead,2020-07-30,,,,Priya Parikh,,,
Nicolas Pinto,,Perceptio,"San Francisco, California, United States","San Francisco, California, United States",,Marketing Qualified Lead,2020-07-30,,,,Priya Parikh,,,
Zak Stone,,Perceptio,"San Francisco, California, United States","San Francisco, California, United States",,Marketing Qualified Lead,2020-07-30,,,,Priya Parikh,,,
Anmol Madan,,Livongo,"San Francisco, California, United States","San Francisco, California, United States",,Marketing Qualified Lead,2020-07-30,anmol.madan@livongo.com,,https://www.linkedin.com/in/anmolmadan/,Priya Parikh,,,
Jonathan Fong,,Wells Fargo,"San Francisco, California United States",San Francisco,United States,New Leads,2021-08-09,jonathan.fong@wellsfargo.com,,https://www.linkedin.com/in/fong-jonathan?miniProfileUrn=urn%3Ali%3Afs_miniProfile%3AACoAAAHXl64B-oELH3ZqD0S93C1JP0no2VaGx9o,Priya Parikh,,,
Sahinaz Safari,,Splunk,"San Francisco, California United States",San Francisco,United States,New Leads,2021-08-30,sahinaz@signalfx.com,,https://www.linkedin.com/in/sahinaz,Priya Parikh,,,
Renee Park,,Primer.ai,"San Francisco, California United States",San Francisco,United States,New Leads,2021-08-30,renee@primer.ai,,https://www.linkedin.com/in/reneepark,Priya Parikh,,,
Mha Lim,,Doctor On Demand,"San Francisco, California United States",San Francisco,United States,New Leads,2021-08-30,mlim@doctorondemand.com,,https://www.linkedin.com/in/vir-lim,Priya Parikh,,,
Andrea Niles,,Youper,"San Francisco, CA USA",San Francisco,USA,New Leads,2020-07-30,andrea@youper.ai,,https://www.linkedin.com/in/andrea-niles-bb8772100,Priya Parikh,,,
Aaron Lai,,Aurora,"San Francisco, California United States",San Francisco,United States,New Leads,2021-08-09,alai@aurora.tech,,https://www.linkedin.com/in/aeronlai?miniProfileUrn=urn%3Ali%3Afs_miniProfile%3AACoAABJM2IEB9JWGwyhYOH1vMAGjhPakzL5DTng,Priya Parikh,,,
Alex Filipkowski,,Adobe,"San Francisco, California United States",San Francisco,United States,New Leads,2021-08-09,alex.filipkowski@adobe.com,,https://www.linkedin.com/in/alexfilipkowski,Priya Parikh,,,
Ishan Tikku,,Samsara,"San Francisco, California United States",San Francisco,United States,New Leads,2021-08-30,ishan.tikku@samsara.com,,https://www.linkedin.com/in/ishantikku,Priya Parikh,,,
Edward Cheng,,Oracle,"South San Francisco, California United States",South San Francisco,United States,New Leads,2021-08-30,edward.cheng@oracle.com,,https://www.linkedin.com/in/edwardccheng,Priya Parikh,,,
Noel Morales,,Adobe,"San Francisco, California United States",San Francisco,United States,New Leads,2021-08-09,nmorales@adobe.com,,https://www.linkedin.com/in/noelomorales,Priya Parikh,,,
Sam Heilbroner,,ConcertAI,"San Francisco, California United States",San Francisco,United States,New Leads,2021-05-12,sheilbroner@concertohealthai.com,,https://www.linkedin.com/in/ACwAACkBWWQB37ryk1HvoCcXGzQ_PMX4Ruo6dlo/,Priya Parikh,,,
Dharmesh Kakadia,,Microsoft,"San Francisco, California United States",San Francisco,United States,New Leads,2021-06-01,dkakadia@microsoft.com,,https://www.linkedin.com/in/dharmeshkakadia,Priya Parikh,,,
Carey Phelps,,Weights & Biases,"San Francisco, California United States",San Francisco,United States,New Leads,2021-06-01,carey@wandb.ai,,https://www.linkedin.com/in/cvphelps,Priya Parikh,,,
Vanessa Cheng,,Ciox Health,"San Francisco, California United States",San Francisco,United States,New Leads,2021-06-01,vanessa.cheng@cioxhealth.com,,https://www.linkedin.com/in/vanessa-cheng-604a8a81,Priya Parikh,,,
Tripp Wickersham,,Humanity Forward,"San Francisco, California United States",San Francisco,United States,New Leads,2021-06-01,,,"https://www.linkedin.com/sales/people/ACwAAAeSYV8BFefN2Cz-mseu4siQtnIOGSEQjzI,NAME_SEARCH",Priya Parikh,,,
Melissa Medvedev,,Feebris,"San Francisco, California United States",San Francisco,United States,New Leads,2021-06-01,,,"https://www.linkedin.com/sales/people/ACwAAA8iJd8BGOiK2NSeUfams_jD4VIOCPozB8M,NAME_SEARCH",Priya Parikh,,,
Amy Chiu,,Clarify,"San Francisco, California United States",San Francisco,United States,New Leads,2021-06-01,amy@clarifyhealth.com,,https://www.linkedin.com/in/amy-chiu-11574a19?miniProfileUrn=urn%3Ali%3Afs_miniProfile%3AACoAAAPY7CEB3N1wvZV6P5WFhSg73Oqth425FVk,Priya Parikh,,,
Lucia Comnes,,Datawizard,"San Francisco, California United States",San Francisco,United States,New Leads,2021-06-01,l.comnes@datawizard.it,,"https://www.linkedin.com/sales/people/ACwAAAbmolcBWlYEJiND4OpqzOzPIAJEztCglgU,NAME_SEARCH",Priya Parikh,,,
Sean McGee,,Samsara,"San Francisco, California United States",San Francisco,United States,New Leads,2021-06-01,sean.mcgee@samsara.com,,https://www.linkedin.com/in/sean-mcgee-0863a537,Priya Parikh,,,
Anish Johnson,,F5,"San Francisco, California United States",San Francisco,United States,New Leads,2021-05-12,a.johnson@f5.com,,https://www.linkedin.com/in/anishjohnson,Priya Parikh,,,
Cameron Afzal,,Sisu,"San Francisco, California United States",San Francisco,United States,New Leads,2021-05-12,cameron@sisu.ai,,https://www.linkedin.com/in/camafzal,Priya Parikh,,,
Alexander Lovell,,Fivetran,"San Francisco, California United States",San Francisco,United States,New Leads,2021-05-12,alexander.lovell@officedepot.com,,https://www.linkedin.com/in/lovellalexander,Priya Parikh,,,
Viksit Gaur,,Dropbox,"San Francisco, California United States",San Francisco,United States,New Leads,2021-05-12,vgaur@dropbox.com,,https://www.linkedin.com/in/viksit,Priya Parikh,,,
Lance Peterson,,August Home Inc,"San Francisco, California United States",San Francisco,United States,New Leads,2021-05-12,lance.peterson@august.com,,https://www.linkedin.com/in/lancepeterson,Priya Parikh,,,
Alexis Baird,,Thumbtack,"San Francisco, California United States",San Francisco,United States,New Leads,2021-05-12,abaird@thumbtack.com,,https://www.linkedin.com/in/alexisbaird,Priya Parikh,,,
Michael Ernest,,Dataiku,San Francisco Bay Area,San Francisco Bay Area,,New Leads,2020-07-29,michael.ernest@dataiku.com,,,Priya Parikh,,,
Chandrima Sarkar,,Splunk,"San Francisco, United States",San Francisco,United States,New Leads,2021-10-04,csarkar@splunk.com,,https://www.linkedin.com/in/chandrima-sarkar-phd-a0960314,Priya Parikh,,,
Shiva Pentyala,,Salesforce,"San Francisco, United States",San Francisco,United States,New Leads,2021-10-04,spentyala@salesforce.com,,https://www.linkedin.com/in/shiva-pentyala,Priya Parikh,,,
Gayathri Namasivayam,,McKesson,"San Francisco, United States",San Francisco,United States,New Leads,2021-10-04,gayathri.namasivayam@mckesson.com,,https://www.linkedin.com/in/gayathrinamasivayam,Priya Parikh,,,
Walid D,,McKesson,"San Francisco, United States",San Francisco,United States,New Leads,2021-10-04,walid.d@mckesson.com,,https://www.linkedin.com/in/walid-dahcha,Priya Parikh,,,
Kathryn Twyman,,Verily Life Sciences,"South San Francisco, United States",South San Francisco,United States,New Leads,2021-10-04,ktwyman@verily.com,,"https://www.linkedin.com/sales/people/ACwAABHxBbkBGyMECTIC8pny6dWTD_mvMIeczPA,NAME_SEARCH",Priya Parikh,,,
Nam Nguyen,,Veradigm,"San Francisco, California United States",San Francisco,United States,New Leads,2021-06-09,nam.nguyen@veradigmhealth.com,,https://www.linkedin.com/in/namuwen,Priya Parikh,,,
Watson ?,,Ginger,"San Francisco, California United States",San Francisco,United States,New Leads,2021-06-09,watson@ginger.io,,https://www.linkedin.com/in/watsonxi,Priya Parikh,,,
Ryan Smith,,Grabango,"San Francisco, California United States",San Francisco,United States,New Leads,2021-06-09,ryan.smith@grabango.com,,https://www.linkedin.com/in/ryan-smith-7922425,Priya Parikh,,,
Emrah Gultekin,,Chooch AI,"San Francisco, California 94111 United States",San Francisco,United States,Sales Accepted Leads,2021-11-11,hakan@chooch.ai,,https://www.linkedin.com/in/emrahgultekin,Suraj Kumar,yes,,
Hakan Gultekin,,Chooch AI,"San Francisco, California 94111 United States",San Francisco,United States,Sales Accepted Leads,2021-11-11,hakan@chooch.ai,,https://www.linkedin.com/in/hakan-gultekin-62612917,Suraj Kumar,yes,,
Dan Gimbert,,Clarify Health Solutions,"San Francisco, California United States",San Francisco,United States,Sales Accepted Leads,2021-11-23,dgimbert@salesforce.com,,https://www.linkedin.com/in/dgimbert,Suraj Kumar,no,,
Ivan Shcheklein,,Iterative.ai,"450 Townsend St, San Francisco, California United States",San Francisco,United States,Sales Accepted Leads,2021-10-18,ivan@iterative.ai,,https://www.linkedin.com/in/shcheklein,Suraj Kumar,no,,
Jan Linden,,Whisper.ai,"San Francisco, California 94103 United States",San Francisco,United States,New Leads,2022-01-18,jan@whisper.ai,,https://www.linkedin.com/in/jalinden,Suraj Kumar,yes,...but wrong email as changed job...new company is Meta....and he is a healthcare lead there,jlinden@fb.com
Emmett McQuinn,,Whisper.ai,"San Francisco, California 94103 United States",San Francisco,United States,New Leads,2022-01-18,emmett@whisper.ai,,https://www.linkedin.com/in/emmettmcquinn,Suraj Kumar,,,
Shlomo Zippel,,Whisper.ai,"San Francisco, California 94103 United States",San Francisco,United States,New Leads,2022-01-18,shlomo@whisper.ai,,https://www.linkedin.com/in/shlomozippel,Suraj Kumar,no,,
Aditya Koolwal,,Whisper.ai,"San Francisco, California 94103 United States",San Francisco,United States,New Leads,2022-01-18,aditya@whisper.ai,,https://www.linkedin.com/in/koolwal,Suraj Kumar,no,,
Mateusz Pawelec,,Andiamo,"San Francisco, California United States",San Francisco,United States,New Leads,2022-01-18,mateusz@andiamo.io,,https://www.linkedin.com/in/mateuszpawelec,Suraj Kumar,no,,
Alan Rogers,,Andiamo,"San Francisco, California United States",San Francisco,United States,New Leads,2022-01-18,alan@andiamo.io,,https://www.linkedin.com/in/ACwAACd387UB9gkZMU3PAOsns4uPCmKwmz837nM,Suraj Kumar,no,,
Patrick McAdams,,Andiamo,"San Francisco, California United States",San Francisco,United States,New Leads,2022-01-18,patrick.mcadams@andiamogo.com,,https://www.linkedin.com/in/patrickmcadams,Suraj Kumar,no,,
Aditya Joshi,,Notiv,"San Francisco, California United States",San Francisco,United States,New Leads,2022-01-18,aditya.joshi@notiv.com,,https://www.linkedin.com/in/aditya-joshi-phd,Suraj Kumar,no,leaves in sydney,
Nick Antipov,,Chatfuel,"San Francisco, California 94107 United States",San Francisco,United States,New Leads,2022-01-18,nick@chatfuel.com,,https://www.linkedin.com/in/ACwAADJXxGcB00VjpgrTdE4ipe4R9LnF83H2RuI,Suraj Kumar,no,changed company,
Dmitriy Kachin,,Chatfuel,"San Francisco, California 94107 United States",San Francisco,United States,New Leads,2022-01-18,kachin@chatfuel.com,,https://www.linkedin.com/in/dkachin,Suraj Kumar,NO,,
Nick Pojman,,Enlitic,"San Francisco, California United States",San Francisco,United States,New Leads,2022-01-18,npojman@enlitic.com,,https://www.linkedin.com/in/nick-pojman-867a7713,Suraj Kumar,yes,but changed the firm ...tempus labs,
Daniel Kozimor,,Enlitic,"San Francisco, California United States",San Francisco,United States,New Leads,2022-01-18,dkozimor@enlitic.com,,https://www.linkedin.com/in/kozimor,Suraj Kumar,no,doent work thaere anymore,
Kevin Lyman,,Enlitic,"San Francisco, California United States",San Francisco,United States,New Leads,2022-01-18,kevin@enlitic.com,,https://www.linkedin.com/in/ktlyman,Suraj Kumar,yes,,
Matt Schwartz,,Virgo Surgical Video Solutions Inc.,"San Francisco, California 94107 United States",San Francisco,United States,New Leads,2022-01-18,matt@virgosvs.com,,https://www.linkedin.com/in/mzschwartz88,Suraj Kumar,no,,
Sharda Hebbar,,Engage,"San Francisco, California United States",San Francisco,United States,New Leads,2022-01-18,sharda@engagebdr.com,,https://www.linkedin.com/in/sharda-hebbar-phd-5568586,Suraj Kumar,no,,
Yelena Nevel,,Health Note,"San Francisco, California United States",San Francisco,United States,New Leads,2022-01-18,yelena@healthnote.com,,https://www.linkedin.com/in/yelena-nevel,Suraj Kumar,no,changed job...developer,
Jonathan Silver,,Engage,"San Francisco, California United States",San Francisco,United States,New Leads,2022-01-18,jonathan@engagepeople.com,,https://www.linkedin.com/in/jonathan-silver-b42aaa2,Suraj Kumar,no,,
Chelsea Green,,Engage,"San Francisco, California United States",San Francisco,United States,New Leads,2022-01-18,chelsea@engagelawspace.com,,https://www.linkedin.com/in/chelsea-green-sphr-470a6610,Suraj Kumar,no,,
Emanuele Mercanti,,Spiketrap,"San Francisco, California 94118 United States",San Francisco,United States,New Leads,2022-01-18,emanuele@spiketrap.io,,https://www.linkedin.com/in/emanuelemercanti,Suraj Kumar,yes,acquired by reddit Inc.,
Virgilio Pigliucci,,Spiketrap,"San Francisco, California 94118 United States",San Francisco,United States,New Leads,2022-01-18,virgilio@spiketrap.io,,https://www.linkedin.com/in/virgopro,Suraj Kumar,yes,acquired by reddit Inc.,
Kieran Fitzpatrick,,Spiketrap,"San Francisco, California 94118 United States",San Francisco,United States,New Leads,2022-01-18,kieran@spiketrap.io,,https://www.linkedin.com/in/fitzpatrick,Suraj Kumar,yes,acquired by reddit Inc.,
Rosh Cherian,,CogniCor Technologies,"San Francisco, California 95630 United States",San Francisco,United States,New Leads,2022-01-18,rosh@cognicor.com,,https://www.linkedin.com/in/roshcherian,Suraj Kumar,yes,Law revenue but good fit,
My Tran,,Elsa Speak,"San Francisco, California United States",San Francisco,United States,New Leads,2022-01-18,my@elsanow.io,,https://www.linkedin.com/in/mynrtran,Suraj Kumar,no,,
Sindhu Joseph,,CogniCor Technologies,"San Francisco, California 95630 United States",San Francisco,United States,New Leads,2022-01-18,sindhu@cognicor.com,,https://www.linkedin.com/in/sindhujoseph,Suraj Kumar,yes,Law revenue but good fit,
Luis R,,Engage,"San Francisco, California United States",San Francisco,United States,New Leads,2022-01-18,luis@engagebdr.com,,https://www.linkedin.com/in/luishectorer,Suraj Kumar,no,,
Enis Gayretli,,Botanalytics,"San Francisco, California United States",San Francisco,United States,New Leads,2022-01-18,enis@botanalytics.co,,https://www.linkedin.com/in/enisgayretli,Suraj Kumar,,he is a lead for funding,
Erik Rapprich,,Engage,"San Francisco, California United States",San Francisco,United States,New Leads,2022-01-18,rapprich@engagedc.com,,https://www.linkedin.com/in/rapprich,Suraj Kumar,no,,
Deniz Acay,,Botanalytics,"San Francisco, California United States",San Francisco,United States,New Leads,2022-01-18,deniz@botanalytics.co,,https://www.linkedin.com/in/denizacay,Suraj Kumar,no,,
Artem Ptashnik,,Chatfuel,"San Francisco, California 94107 United States",San Francisco,United States,New Leads,2022-01-18,a@chatfuel.com,,https://www.linkedin.com/in/artem-ptashnik-828163bb,Suraj Kumar,yes,,
Toyosi Oyesola,,eBanqo Inc.,"San Francisco, California 94105 United States",San Francisco,United States,New Leads,2022-01-18,toyosio@ebanqo.com,,https://www.linkedin.com/in/toyosi-oyesola-19a8665a,Suraj Kumar,no,,
Phuc Nguyen,,Elsa Speak,"San Francisco, California United States",San Francisco,United States,New Leads,2022-01-18,phuc@elsanow.io,,https://www.linkedin.com/in/tomnguyen067,Suraj Kumar,no,,
Andrea Vattani,,Spiketrap,"San Francisco, California 94118 United States",San Francisco,United States,New Leads,2022-01-18,andrea@spiketrap.io,,https://www.linkedin.com/in/andrea-vattani,Suraj Kumar,yes,acquired by reddit Inc.,
Sheena Deol,,Observe.AI,"San Francisco, California United States",San Francisco,United States,New Leads,2022-01-18,sheena.deol@observe.ai,,https://www.linkedin.com/in/sheena-deol,Suraj Kumar,no,job changed,
Jaco Plessis,,Notiv,"San Francisco, California United States",San Francisco,United States,New Leads,2022-01-18,jaco.duplessis@notiv.com,,https://www.linkedin.com/in/jaco-du-plessis-566b61105,Suraj Kumar,no,job changed,
Richard Tasker,,Notiv,"San Francisco, California United States",San Francisco,United States,New Leads,2022-01-18,richard.tasker@notiv.com,,https://www.linkedin.com/in/richardtasker,Suraj Kumar,yes,but changed job,
